,Hour,Monday,Tuesday,Wednesday,Thursday,Friday,Saturday,Sunday
0,0,61.768,65.961,47.836,44.45,54.373,48.95,27.964
28,0,56.766,69.586,64.682,56.897,38.494,28.365,39.65
29,0,49.889,55.008,51.85,58.6,62.582,42.626,43.705
30,0,70.273,56.915,74.95,54.93,69.379,42.461,37.853
31,0,39.157,50.195,61.01,57.462,51.474,40.751,74.039
32,0,57.499,51.957,34.001,57.068,68.062,27.62,36.933
33,0,47.313,48.251,61.816,65.895,47.462,63.542,36.614
34,0,42.641,37.762,53.006,55.401,61.978,34.606,42.401
35,0,74.262,45.889,50.83,65.239,54.152,54.185,32.449
36,0,43.138,53.344,46.61,43.895,60.2,52.994,37.519
37,0,57.459,62.619,52.651,35.448,47.389,37.19,37.837
39,0,61.326,57.911,54.479,39.691,64.518,38.993,27.262
40,0,67.062,65.753,56.227,63.933,59.951,34.012,41.305
41,0,47.018,66.03,48.643,69.478,64.713,44.213,32.819
42,0,63.434,72.183,54.728,48.03,61.485,51.837,44.368
43,0,56.082,60.562,57.075,65.811,52.7,42.139,26.479
44,0,52.54,52.172,67.64,48.637,42.334,42.328,50.897
45,0,66.842,58.947,62.43,54.7,50.672,45.931,34.04
46,0,50.393,44.986,56.982,61.945,55.682,36.009,40.334
47,0,34.391,39.895,55.319,52.524,60.256,60.783,30.288
48,0,55.274,38.805,57.912,53.974,62.506,37.965,35.785
49,0,59.295,38.278,65.782,69.461,58.278,25.154,58.102
27,0,54.227,55.101,46.383,52.801,64.691,46.069,44.173
26,0,51.879,61.905,56.561,69.728,54.324,25.316,34.103
38,0,64.754,46.646,60.571,54.759,27.745,48.28,31.913
24,0,56.008,53.719,81.259,53.136,49.047,40.021,42.747
25,0,29.082,58.358,54.671,45.926,44.99,33.231,42.428
2,0,43.422,61.399,40.656,70.232,57.626,62.879,47.2
3,0,47.716,53.12,46.222,37.545,47.412,36.612,52.492
4,0,57.187,64.157,74.11,53.269,52.236,45.395,42.051
5,0,40.948,42.749,54.581,63.313,43.625,35.863,49.922
6,0,70.017,64.289,66.449,53.966,58.828,42.956,38.441
7,0,49.637,76.643,60.796,50.079,50.652,41.391,49.452
8,0,60.98,30.337,52.929,61.542,62.841,36.844,40.133
9,0,61.684,56.706,48.332,56.04,43.874,26.494,49.981
10,0,55.565,39.014,73.526,28.905,58.904,30.602,58.075
11,0,67.29,54.403,65.421,59.724,47.961,49.647,45.189
12,0,56.075,49.82,57.734,43.008,59.404,46.975,48.756
1,0,48.876,64.925,46.946,45.482,40.676,23.289,45.501
13,0,69.452,56.057,66.779,58.24,57.198,39.668,46.747
22,0,73.442,48.051,44.702,36.557,55.972,55.103,45.118
21,0,64.138,40.234,50.524,53.059,44.417,49.131,31.804
20,0,59.704,41.287,56.813,59.238,35.938,58.323,28.012
19,0,45.39,52.065,66.126,74.338,62.384,33.329,34.691
23,0,60.662,43.636,61.942,78.478,65.724,19.378,57.766
17,0,62.046,55.439,64.824,56.95,68.946,48.402,28.162
16,0,43.302,53.927,49.306,67.585,57.245,50.643,25.473
15,0,66.555,54.082,49.992,37.477,51.791,32.624,48.036
14,0,43.607,43.569,51.383,48.522,62.672,38.93,21.505
18,0,50.099,50.688,70.379,53.911,63.13,52.784,45.342
14,1,54.147,56.785,51.931,41.212,66.989,37.68,43.022
23,1,59.259,47.249,56.5,70.765,40.652,50.52,47.204
22,1,44.689,55.185,50.435,49.173,52.074,32.831,48.372
21,1,60.269,57.895,39.607,58.245,68.335,41.511,41.473
20,1,47.27,40.115,51.922,54.483,49.92,41.804,27.157
19,1,68.879,62.675,67.912,31.146,39.559,44.768,35.098
18,1,58.671,50.449,58.008,45.545,55.505,48.725,36.287
17,1,46.697,54.559,50.687,67.086,57.327,41.707,47.362
16,1,50.193,61.577,48.751,67.331,41.231,31.111,42.2
15,1,48.069,45.946,52.263,50.55,68.149,44.698,48.686
13,1,69.379,44.981,44.016,50.167,37.437,42.323,23.267
7,1,55.551,52.612,60.4,52.297,65.848,39.068,42.31
11,1,61.425,57.164,71.294,60.907,43.072,55.728,38.445
10,1,61.738,43.919,45.131,41.206,58.821,43.685,40.286
9,1,37.438,56.443,44.409,49.632,71.554,42.093,39.269
8,1,75.982,64.964,65.758,58.718,63.383,46.037,40.374
24,1,37.099,69.873,37.683,51.617,44.83,32.284,45.122
6,1,47.428,50.021,47.668,47.406,55.231,13.228,29.231
5,1,59.637,47.853,53.049,72.443,50.412,43.835,49.97
4,1,40.606,72.096,65.438,61.996,51.698,27.905,46.975
3,1,59.997,52.076,54.886,40.851,44.969,22.208,17.571
2,1,54.201,53.971,33.133,89.435,75.337,37.931,41.938
1,1,57.217,41.717,30.024,34.011,49.439,33.468,45.463
12,1,54.938,50.745,45.591,51.453,57.811,27.005,39.967
0,1,73.716,48.59,53.934,69.428,33.318,37.994,41.725
36,1,41.539,50.139,60.25,53.638,77.983,35.714,52.965
27,1,58.983,58.505,47.505,57.785,42.484,23.132,42.095
26,1,56.728,62.266,63.612,60.518,64.487,42.518,53.976
49,1,43.986,50.038,43.352,47.02,47.922,39.71,32.666
48,1,55.882,53.819,46.764,66.126,42.75,38.915,50.65
47,1,54.432,60.514,50.783,37.526,41.583,37.618,29.805
46,1,38.318,46.74,62.87,52.199,63.072,38.062,42.462
45,1,65.264,59.584,47.21,54.971,49.615,24.497,35.063
44,1,58.773,56.901,57.325,60.734,69.376,40.385,24.587
43,1,49.957,50.41,55.926,44.236,58.632,39.35,40.158
42,1,48.753,54.029,70.244,50.59,67.98,28.621,42.169
41,1,63.674,59.657,53.711,62.15,48.906,26.367,38.761
40,1,49.47,51.858,64.587,44.94,69.822,53.568,38.11
25,1,68.569,47.374,48.061,63.597,49.808,41.572,36.996
38,1,41.095,44.193,61.928,49.212,38.778,28.592,32.282
37,1,54.905,67.843,50.452,57.63,59.095,23.021,30.147
35,1,48.962,51.736,42.129,46.112,48.839,47.964,24.678
34,1,56.499,35.511,31.756,55.484,60.938,30.151,52.933
33,1,71.468,48.973,31.888,54.093,43.816,33.581,31.816
32,1,43.846,51.8,56.964,62.786,47.026,41.916,39.158
31,1,48.061,61.975,49.809,48.146,54.939,41.559,21.097
30,1,48.477,66.452,61.645,44.877,51.109,46.058,47.053
29,1,58.75,64.599,52.243,29.306,43.966,14.493,55.076
28,1,57.92,43.613,48.706,58.55,59.654,16.206,26.023
39,1,40.467,69.776,42.441,58.181,51.258,18.306,32.911
35,2,58.575,18.752,41.207,53.362,42.176,59.779,35.368
34,2,30.982,56.028,39.722,29.646,31.152,38.291,27.426
33,2,36.34,21.94,54.213,45.905,22.758,55.896,36.773
29,2,33.564,62.872,35.997,39.107,45.73,53.098,45.588
31,2,30.301,51.056,42.379,45.091,22.317,44.175,44.088
30,2,39.733,45.744,29.679,39.064,40.112,59.25,37.807
36,2,32.131,36.415,44.308,36.194,50.862,51.763,34.764
28,2,32.513,51.71,31.318,43.507,46.056,50.636,26.825
32,2,35.248,49.779,32.392,44.655,27.252,37.705,40.998
37,2,40.805,49.578,35.887,46.14,48.519,35.894,40.657
41,2,35.92,47.497,44.095,33.738,38.622,11.153,41.935
39,2,57.913,29.194,48.989,44.839,42.499,23.882,38.055
40,2,29.351,35.287,12.455,24.689,40.973,45.609,35.546
27,2,33.769,41.506,37.504,49.208,33.456,36.823,45.716
42,2,36.026,26.295,39.982,37.792,58.559,51.704,27.055
43,2,34.087,46.524,49.333,33.467,43.554,45.213,29.919
44,2,37.17,29.469,37.693,38.276,48.278,28.868,18.855
45,2,27.352,38.901,25.358,40.517,37.284,66.86,46.306
46,2,17.728,40.744,34.58,41.443,39.888,31.72,32.74
47,2,47.928,60.349,43.485,48.929,43.894,29.566,35.86
48,2,36.345,52.028,36.702,48.808,42.658,33.353,38.044
49,2,46.199,38.614,37.288,24.838,33.409,29.253,29.516
38,2,25.335,24.549,34.778,46.787,28.59,47.973,31.825
26,2,42.409,36.495,18.878,51.388,41.156,34.242,33.29
21,2,32.301,44.933,42.21,41.855,41.295,39.286,56.259
24,2,34.481,53.589,40.592,49.997,59.074,30.977,50.056
0,2,44.32,35.016,38.813,32.687,38.668,34.676,34.311
1,2,26.544,39.586,43.857,49.478,44.188,30.265,26.16
2,2,40.23,48.097,37.983,28.019,49.958,28.374,46.32
3,2,43.848,54.766,37.485,43.653,52.342,37.63,31.137
4,2,30.527,40.911,28.133,36.932,54.58,41.818,28.731
5,2,40.807,47.225,38.015,40.457,35.154,33.687,41.208
6,2,44.863,25.704,34.588,50.189,55.16,15.768,34.608
7,2,48.128,20.904,46.971,26.637,51.702,55.515,27.928
8,2,54.141,30.999,26.943,54.411,28.962,33.008,43.816
9,2,38.797,48.795,37.309,53.99,65.266,36.137,32.342
25,2,40.577,22.108,35.14,51.355,36.612,46.702,44.66
10,2,33.283,42.917,35.251,17.487,48.045,30.373,49.702
12,2,38.459,50.817,57.822,30.625,32.538,51.002,28.524
13,2,36.427,33.155,55.684,30.031,48.224,25.596,23.002
15,2,35.926,26.175,41.17,39.68,54.901,27.243,37.055
16,2,45.006,20.808,54.304,43.05,30.855,42.984,42.607
17,2,34.199,45.218,43.5,38.439,48.144,28.871,35.532
18,2,58.528,44.522,63.049,35.519,55.916,54.897,39.238
19,2,33.106,39.026,59.896,59.506,45.04,41.994,46.203
20,2,53.756,42.413,36.834,51.397,55.596,42.009,41.401
22,2,34.652,38.848,26.83,38.545,29.577,32.492,33.769
23,2,60.769,33.019,46.236,32.49,55.081,50.911,28.865
11,2,33.642,46.296,43.731,48.488,67.444,46.071,48.782
14,2,58.768,31.926,35.479,46.216,28.474,41.299,41.54
0,3,54.094,38.832,39.684,28.682,37.331,39.665,26.285
47,3,39.31,36.215,39.107,41.045,41.355,43.733,42.036
26,3,41.989,42.795,41.074,45.864,41.176,30.361,47.512
27,3,30.191,41.621,59.194,48.066,37.128,41.092,38.273
28,3,50.888,29.36,52.451,44.918,25.014,38.609,37.229
29,3,38.581,47.514,35.896,49.339,39.53,38.648,37.496
30,3,50.228,48.63,41.71,35.986,47.847,32.489,49.176
31,3,28.75,25.549,47.226,33.056,55.87,58.404,52.791
32,3,48.961,53.382,39.735,41.32,55.353,26.978,42.657
33,3,49.48,50.734,53.847,36.859,35.225,37.192,30.436
35,3,53.064,42.017,30.635,32.326,35.126,50.146,55.818
36,3,29.545,32.048,29.065,50.6,34.845,33.26,44.229
25,3,37.913,34.088,34.772,46.071,39.828,42.515,21.832
37,3,43.252,25.716,32.834,19.467,62.75,33.664,42.445
39,3,66.475,41.566,47.975,48.758,35.79,49.872,34.123
40,3,46.754,44.649,24.294,48.527,18.226,50.406,40.48
41,3,28.946,51.128,55.154,42.227,41.969,52.231,33.51
42,3,36.54,57.676,41.448,37.106,21.367,57.409,46.941
43,3,25.671,50.833,44.038,47.285,33.633,33.262,35.264
44,3,40.12,36.407,39.223,48.829,27.654,44.622,27.568
45,3,39.243,45.99,45.058,51.186,20.148,43.938,61.693
46,3,38.886,52.834,42.866,36.701,49.259,47.069,43.278
48,3,38.07,45.153,21.764,46.141,45.934,30.731,28.237
49,3,38.387,53.007,41.685,49.768,33.58,54.995,35.783
38,3,22.716,49.152,30.905,46.374,37.531,48.338,57.975
24,3,38.318,18.769,40.479,38.295,38.792,55.738,12.122
34,3,35.899,40.372,45.163,32.102,36.681,40.376,37.54
22,3,59.194,41.496,45.455,36.821,50.023,58.326,28.36
23,3,53.864,23.495,38.324,45.142,46.254,32.328,42.032
2,3,26.11,52.034,24.553,39.296,36.534,46.706,45.122
3,3,37.957,62.846,31.576,51.511,45.177,34.247,54.681
4,3,43.373,33.438,36.783,46.272,25.678,43.179,53.973
5,3,37.505,27.812,34.214,52.878,23.819,37.228,51.95
6,3,40.763,43.01,22.225,34.563,47.688,35.343,40.131
1,3,44.515,26.472,28.505,47.348,26.592,45.983,40.145
8,3,42.823,48.234,23.738,31.817,45.305,48.775,48.477
9,3,51.378,40.662,47.81,44.319,39.586,22.896,35.071
10,3,41.601,29.338,27.802,43.989,29.104,48.348,42.742
11,3,37.566,30.689,38.544,50.788,48.272,31.09,44.639
7,3,43.151,37.146,36.559,49.89,41.137,33.693,37.367
13,3,38.147,46.133,32.646,38.702,25.682,32.684,37.557
12,3,43.271,50.162,39.347,33.777,40.923,36.826,36.185
20,3,38.518,32.94,31.814,37.698,45.724,52.7,43.722
19,3,39.051,56.653,58.354,56.514,33.136,23.184,45.66
18,3,34.723,45.999,38.025,27.182,47.995,36.204,47.859
21,3,32.863,26.898,35.584,44.297,53.103,47.526,33.696
16,3,33.321,33.517,35.714,47.803,50.099,39.951,49.806
15,3,40.617,20.871,46.225,44.061,29.994,46.551,37.135
14,3,40.83,43.411,52.368,52.199,31.194,50.298,17.18
17,3,47.317,29.333,35.297,29.751,44.942,49.97,35.53
27,4,43.618,43.006,37.8,42.995,28.886,44.168,34.447
28,4,37.725,30.262,37.032,40.798,20.154,39.962,34.869
29,4,47.025,39.683,27.755,31.289,25.486,41.935,43.415
30,4,38.015,38.622,40.258,36.482,35.72,46.393,31.901
31,4,45.173,42.988,24.998,35.553,54.702,28.419,35.82
32,4,56.604,42.818,46.305,59.106,44.771,15.534,23.762
33,4,41.116,26.425,35.023,48.189,41.556,47.407,36.435
34,4,38.884,30.154,35.184,24.019,24.515,29.58,62.006
47,4,15.288,32.801,56.988,48.259,38.361,44.991,45.069
35,4,48.264,39.749,30.14,30.159,34.017,43.877,31.805
46,4,49.72,36.839,48.988,26.539,40.591,40.977,29.864
38,4,34.104,64.836,34.481,59.526,47.889,36.056,43.606
39,4,37.208,35.415,40.446,38.101,23.433,34.324,26.594
40,4,22.875,53.633,35.387,49.787,41.938,39.292,34.128
41,4,45.218,47.992,50.982,39.85,23.967,43.775,38.279
42,4,38.66,36.535,53.241,26.809,34.917,40.314,49.511
43,4,40.806,36.183,51.724,23.994,29.914,39.9,30.069
44,4,38.88,23.004,39.119,33.433,34.808,36.93,22.739
45,4,53.855,38.901,46.687,55.032,51.463,50.501,39.798
26,4,43.103,26.674,23.979,28.892,20.327,37.621,36.604
36,4,49.297,25.986,45.19,28.598,25.308,55.814,50.528
25,4,35.8,55.933,35.629,27.128,34.545,31.046,45.421
37,4,50.198,41.576,49.074,37.955,30.641,34.853,51.777
23,4,47.514,41.253,29.126,29.653,42.712,48.13,48.751
2,4,30.341,45.406,31.327,27.277,20.779,39.985,38.469
48,4,29.656,32.432,16.416,30.7,34.909,28.32,42.507
3,4,55.851,30.98,36.319,33.889,49.69,47.861,24.882
4,4,42.982,45.132,30.822,27.717,23.603,50.817,41.031
5,4,23.907,32.182,62.931,31.829,36.517,33.034,53.809
6,4,23.438,27.856,41.698,30.866,60.873,31.734,57.204
7,4,20.575,22.497,49.971,34.328,19.639,33.211,40.749
8,4,41.714,39.514,31.562,44.239,55.947,36.6,47.493
9,4,24.723,49.23,43.472,57.471,46.876,39.074,39.274
10,4,38.352,21.24,49.848,30.476,32.681,38.077,51.309
24,4,31.913,29.955,36.303,39.484,43.758,35.759,33.71
11,4,51.528,42.926,41.087,13.832,45.239,44.969,35.502
13,4,49.756,29.113,40.949,18.72,47.286,40.23,53.541
14,4,40.581,26.85,29.659,48.212,26.99,25.637,32.795
15,4,41.011,21.643,58.034,29.431,42.23,38.7,26.15
16,4,35.623,13.054,48.287,40.651,38.191,35.573,42.742
17,4,54.986,35.662,38.661,32.409,50.036,22.487,30.438
18,4,38.27,22.932,21.357,36.795,38.387,16.575,30.449
19,4,26.976,34.841,26.723,44.65,55.165,37.665,40.322
20,4,53.839,60.076,41.193,24.375,53.2,40.926,56.573
21,4,43.073,35.004,72.838,29.989,39.028,28.448,50.03
22,4,71.739,42.656,44.433,43.59,37.98,37.448,44.287
12,4,32.31,48.309,16.728,27.4,32.486,31.886,24.997
49,4,25.756,23.495,16.827,53.108,26.129,33.208,27.902
0,4,42.358,40.226,43.243,41.048,40.602,37.851,25.037
1,4,34.753,58.08,30.779,35.931,42.859,50.152,36.827
0,5,36.746,33.331,56.607,49.454,57.949,38.896,52.497
28,5,42.204,52.031,39.863,29.973,45.032,44.704,26.906
29,5,56.607,44.161,32.142,47.952,40.382,42.677,40.812
30,5,59.406,33.212,32.071,59.577,62.527,41.153,25.827
31,5,45.98,24.112,39.269,30.037,55.427,43.224,46.416
32,5,43.865,43.692,38.32,48.395,25.515,45.832,46.054
33,5,56.896,32.565,45.787,44.284,41.656,50.724,43.551
34,5,32.466,46.077,38.154,21.883,36.005,32.614,33.169
35,5,38.919,23.782,32.05,62.066,39.929,44.285,46.596
36,5,50.598,43.967,57.533,40.655,31.609,40.607,36.394
37,5,46.827,44.063,33.763,43.803,42.216,39.718,40.533
38,5,18.927,41.111,58.471,59.844,45.685,46.585,20.308
40,5,31.207,15.094,38.801,35.032,24.47,39.921,42.582
41,5,56.992,38.509,45.665,50.419,41.612,47.831,43.556
42,5,45.412,45.965,35.358,27.454,33.181,56.876,44.575
43,5,40.592,45.923,37.39,56.59,24.684,50.744,40.724
44,5,25.819,50.931,38.354,37.557,48.148,55.361,28.885
45,5,44.747,30.218,35.299,46.661,46.804,39.166,31.62
46,5,24.245,27.817,29.574,41.101,31.533,48.854,37.856
47,5,30.8,30.538,40.634,37.48,53.969,39.779,32.582
48,5,29.593,37.929,34.266,24.153,28.508,45.444,56.782
49,5,39.334,43.63,33.954,51.209,36.223,46.31,31.846
39,5,41.724,26.368,20.179,41.156,35.045,40.58,32.72
27,5,43.306,56.563,13.947,47.988,40.811,58.705,3.257
26,5,38.524,39.664,49.114,53.191,40.376,46.22,43.276
25,5,37.861,53.983,50.933,50.154,41.806,34.511,29.939
2,5,47.845,37.016,52.359,38.463,30.157,38.608,37.475
3,5,55.521,26.069,33.855,35.69,40.412,45.378,41.811
4,5,45.971,42.868,34.606,38.783,44.445,59.708,40.26
5,5,49.84,34.916,41.037,32.645,36.217,39.426,41.974
6,5,40.14,51.456,53.677,51.995,25.861,43.349,29.628
7,5,47.068,52.719,34.109,61.957,47.534,37.125,32.776
8,5,23.646,29.503,30.979,51.653,45.731,36.332,30.78
9,5,22.641,39.93,42.134,34.098,55.246,47.913,43.415
10,5,21.419,51.158,38.966,50.603,33.691,32.323,57.274
11,5,56.047,37.823,38.17,40.26,40.524,30.305,27.965
1,5,36.622,32.067,41.586,39.399,49.057,38.32,40.65
12,5,31.937,10.311,47.107,59.886,38.779,39.017,36.879
14,5,29.673,53.784,38.116,42.893,29.907,61.526,49.617
15,5,38.097,31.779,51.022,26.263,54.872,27.945,39.775
16,5,52.019,34.57,37.49,21.682,45.933,40.26,29.909
17,5,49.055,47.787,51.182,43.635,51.42,26.51,46.302
18,5,40.276,53.898,36.009,53.942,36.268,29.041,36.805
19,5,43.074,51.923,18.808,34.034,14.697,40.342,37.858
20,5,43.12,27.155,47.54,52.542,30.617,33.949,30.076
21,5,37.48,40.602,44.84,34.125,55.881,54.136,56.013
22,5,54.597,35.83,42.855,35.454,55.797,57.93,48.155
23,5,40.428,17.033,42.139,50.765,44.07,28.57,39.178
13,5,31.185,39.605,39.753,31.448,41.518,52.621,42.775
24,5,39.086,52.187,45.347,58.328,54.701,15.246,38.187
0,6,45.114,50.102,27.514,29.352,42.479,26.495,42.195
1,6,32.399,45.057,43.862,36.779,36.665,20.409,42.142
14,6,25.206,34.379,25.121,36.899,43.307,44.724,40.206
24,6,51.638,43.174,39.693,42.587,47.008,34.202,44.101
23,6,10.584,36.124,38.721,29.788,43.933,53.567,45.386
22,6,47.944,37.701,30.995,30.122,50.935,43.179,37.907
2,6,44.806,40.317,51.965,36.238,26.148,50.421,37.966
20,6,58.219,19.854,46.037,36.962,38.92,35.377,55.105
19,6,48.236,25.164,53.298,41.153,38.454,49.262,49.07
18,6,53.697,32.259,41.083,35.205,22.308,43.449,42.112
17,6,39.751,39.138,49.387,39.048,39.415,14.493,24.478
16,6,48.658,33.808,45.687,58.348,46.819,55.837,29.05
15,6,24.488,38.671,29.578,46.568,36.994,41.041,54.348
13,6,37.816,52.634,52.866,42.702,41.369,46.259,39.904
12,6,61.434,48.957,36.759,37.72,32.145,26.572,36.98
11,6,41.099,52.278,42.899,38.672,40.072,35.492,40.765
10,6,43.269,40.034,46.198,38.382,52.608,31.967,36.623
9,6,50.225,23.433,40.278,41.237,19.53,47.425,38.179
8,6,49.151,63.298,34.765,45.721,36.49,44.209,40.016
7,6,30.375,40.187,41.181,48.888,36.505,34.408,42.288
6,6,48.214,21.219,39.341,45.479,39.743,45.014,39.374
5,6,32.672,32.169,53.372,28.18,43.776,37.904,40.577
4,6,38.127,38.745,39.51,34.849,39.017,44.342,43.186
3,6,48.55,33.441,43.248,55.911,30.439,38.319,20.803
25,6,14.887,38.603,28.164,54.399,51.372,44.818,36.81
26,6,43.277,46.919,32.789,41.302,27.862,35.471,46.876
21,6,47.404,43.367,29.329,34.017,46.114,34.797,10.341
28,6,39.943,62.462,31.724,45.186,37.808,40.95,34.756
49,6,39.773,46.535,39.657,37.868,40.58,21.302,40.324
48,6,31.041,29.018,47.153,49.555,41.919,51.388,41.643
47,6,26.496,25.909,39.277,59.157,40.619,38.369,46.126
46,6,33.689,38.527,21.399,21.542,43.867,57.487,30.289
45,6,36.992,67.065,34.118,34.331,30.736,40.481,46.204
44,6,48.991,36.07,29.809,25.997,36.572,29.053,44.451
27,6,15.131,38.59,31.475,36.977,22.052,46.882,40.074
42,6,10.525,37.429,36.601,36.44,27.501,47.018,40.461
41,6,21.201,45.72,29.306,37.824,28.026,39.703,35.075
40,6,46.418,39.915,25.466,45.434,39.476,40.024,23.345
39,6,39.141,37.602,29.325,43.443,41.883,32.028,28.023
43,6,40.442,40.129,49.921,32.493,44.577,35.312,45.837
38,6,42.177,14.605,35.605,33.529,37.513,23.967,30.78
37,6,38.289,43.009,41.221,46.109,37.634,42.877,39.122
36,6,33.455,35.292,53.183,41.983,42.845,32.009,24.943
35,6,42.509,30.248,56.345,44.06,39.593,31.148,25.66
34,6,43.204,47.203,54.222,36.779,48.494,40.982,31.411
33,6,39.606,31.374,32.801,38.564,35.624,40.338,32.68
32,6,25.594,31.475,44.111,21.249,35.708,37.744,46.834
31,6,11.055,34.559,25.297,49.712,44.58,43.218,45.704
30,6,57.431,37.316,29.391,56.709,50.059,47.278,42.422
29,6,39.696,48.513,39.054,50.248,37.371,21.52,50.132
36,7,43.127,41.589,45.549,42.86,41.101,31.613,39.298
35,7,41.524,38.14,42.217,45.34,47.374,41.412,35.354
34,7,44.316,54.444,37.406,33.901,65.608,38.606,47.362
33,7,50.124,37.863,47.999,35.966,41.304,23.042,31.569
28,7,41.906,56.872,45.549,33.078,61.737,46.8,31.444
31,7,52.385,33.015,49.397,74.184,40.619,35.953,36.378
30,7,35.974,49.403,40.55,46.098,43.728,45.688,25.756
29,7,50.289,65.402,31.287,31.911,39.964,46.91,38.226
27,7,41.988,49.037,56.677,48.261,49.934,47.786,55.644
32,7,42.976,42.982,43.203,42.882,55.252,28.518,27.587
37,7,55.77,38.279,25.34,49.038,37.827,34.145,29.655
26,7,45.434,39.525,55.802,59.519,41.726,23.394,38.183
39,7,47.798,59.249,39.594,40.681,49.588,31.431,49.26
40,7,51.933,48.863,47.343,39.929,58.556,29.977,41.303
41,7,28.392,36.135,25.558,45.178,49.668,30.938,28.765
42,7,53.621,66.333,50.031,46.647,47.374,37.363,34.948
43,7,45.841,44.214,40.7,41.95,62.744,26.929,43.132
44,7,30.703,61.982,50.901,44,49.824,40.747,45.456
45,7,56.683,40.458,44.433,49.818,45.222,31.396,30.652
46,7,60.888,39.305,50.537,53.824,41.416,24.304,37.593
47,7,44.818,71.913,44.778,45.594,58.328,42.206,50.979
48,7,52.425,55.075,51.731,51.745,54.065,36.659,40.82
49,7,47.696,35.155,43.199,52.479,38.476,34.832,34.703
38,7,31.449,46.771,35.94,49.616,22.468,43.769,38.304
25,7,47.608,52.665,43.101,53.553,49.111,62.379,35.076
12,7,51.923,37.774,47.922,49.654,44.51,25.271,11.825
23,7,52.02,43.836,33.855,48.992,45.585,51.867,41.03
0,7,37.841,56.451,61.851,50.654,35.815,49.271,47.048
1,7,43.242,40.824,53.329,26.178,39.075,36.957,49.538
2,7,46.357,53.485,46.835,48.156,31.729,59.974,31.984
3,7,31.117,36.129,40.357,40.384,47.051,46.602,29.22
4,7,64.188,49.983,49.726,36.742,42.695,43.893,32.015
5,7,53.23,37.154,51.377,39.374,36.132,38.189,21.169
6,7,62.52,56.599,65.132,46.734,35.24,14.437,29.14
7,7,39.56,48.436,41.197,51.939,39.886,33.875,41.933
8,7,41.692,50.408,49.15,33.161,58.823,42.48,39.436
9,7,48.097,45.246,54.555,51.82,37.692,38.775,43.866
10,7,49.354,26.142,36.434,40.425,44.446,48.581,27.074
24,7,46.403,56.245,35.074,24.76,49.24,30.287,21.009
13,7,60.39,43.989,56.293,45.592,43.372,43.346,41.046
14,7,64.691,51.412,57.312,53.408,31.639,48.18,40.647
15,7,55.411,32.838,57.96,68.952,48.155,19.475,35.456
16,7,58.621,46.166,57.082,56.408,27.913,34.436,26.342
17,7,41.991,49.085,55.622,37.578,71.893,48.104,34.411
18,7,41.405,36.131,55.707,42.069,67.503,52.876,38.93
19,7,37.683,50.675,42.833,41.185,46.978,28.555,55.821
20,7,64.515,41.349,41.719,28.392,47.623,36.359,44.218
21,7,51.082,25.4,48.988,46.998,55.385,40.422,43.156
22,7,25.437,55.49,68.176,45.36,50.432,33.191,51.566
11,7,67.271,31.843,39.123,45.851,47.117,29.099,37.234
35,8,63.635,46.095,49.422,40.345,46.545,31.675,21.955
34,8,23.882,40.864,53.017,50.14,36.226,52.837,46.567
33,8,39.125,41.632,42.687,44.975,60.804,22.378,41.961
32,8,64.206,56.523,53.146,57.351,44.42,54.694,27.507
27,8,44.931,49.199,62.03,46.709,52.112,57.821,40.024
29,8,70.085,76.355,54.358,53.479,44.112,41.337,40.412
28,8,53.894,57.327,39.058,66.065,47.447,31.086,25.107
36,8,44.783,34.998,44.482,33.978,62.164,21.589,50.314
30,8,42.126,45.886,57.634,60.347,44.025,44.085,35.904
37,8,62.817,51.693,42.581,53.624,36.358,21.226,34.229
42,8,44.153,43.095,38.483,38.076,48.212,35.42,31.818
39,8,63.68,45.81,56.686,61.204,45.367,32.809,36.517
40,8,45.491,41.82,40.175,59.038,57.473,37.063,43.678
41,8,51.906,64.619,27.861,36.247,46.912,35.232,56.556
26,8,64.701,39.46,42.734,40.683,44.68,59.976,46.104
43,8,43.862,36.043,15.361,52.434,57.051,31.984,49.953
44,8,46.784,42.668,47.786,35.511,40.27,37.8,25.639
45,8,40.872,50.937,48.809,57.731,48.137,32.111,24.474
46,8,40.937,43.597,40.383,45.448,38.987,33.179,26.994
47,8,59.267,47.674,51.332,40.958,56.219,50.844,24.691
48,8,56.331,45.886,49.354,50.059,54.868,52.71,10.529
49,8,49.017,37.697,33.435,51.297,47.513,26.194,47.237
38,8,57.055,43.701,44.921,56.683,48.645,35.537,28.288
24,8,43.837,38.451,70.196,54.384,70.566,25.349,41.997
31,8,47.521,49.283,38.878,47.097,66.893,61.12,36.55
25,8,32.651,25.641,47.826,47.551,43.867,49.166,45.689
23,8,40.491,37.069,56.955,57.035,58.693,42.482,40.428
0,8,40.79,46.311,65.394,59.002,64.61,45.095,39.006
1,8,50.026,62.786,41.867,70.498,50.506,29.276,46.491
2,8,39.802,66.764,19.517,33.736,67.953,18.026,34.219
3,8,54.483,45.552,47.034,34.751,48.878,17.487,23.712
4,8,45.715,58.532,50.698,49.019,65.662,37.983,50.409
5,8,69.327,50.285,49.462,57.064,44.356,48.207,21.083
7,8,49.375,45.009,35.521,34.447,45.137,26.883,43.657
8,8,39.565,40.869,56.585,61.536,45.465,31.683,51.325
9,8,51.928,60.164,52.785,50.688,44.136,36.029,31.816
10,8,47.811,52.602,60.365,52.715,35.548,33.621,31.613
6,8,57.698,43.984,44.85,56.37,51.643,31.516,44.837
12,8,42.159,42.04,52.641,60.223,51.662,41.348,35.934
11,8,50.188,53.095,54.834,40.934,60.825,24.533,48.535
21,8,55.715,56.136,40.398,64.497,28.602,36.133,19.795
20,8,54.09,54.163,43.175,54.282,60.276,42.138,18.839
19,8,46.141,43.358,65.858,42.349,33.776,43.945,28.185
18,8,30.308,38.252,26.928,67.2,35.942,44.544,45.312
22,8,61.671,41.985,33.493,30.665,43.18,45.938,39.579
16,8,44.027,64.627,26.388,42.338,33.126,22.232,31.284
15,8,62.034,39.058,69.259,39.678,71.355,42.479,25.151
14,8,55.49,54.326,52.455,24.402,63.006,45.983,45.524
13,8,41.548,37.923,38.742,43.841,60.961,39.424,45.569
17,8,54.311,53.259,41.031,56.651,34.575,24.681,21.342
35,9,59.921,52.076,49.442,47.475,44.966,35.621,44.736
26,9,52.205,56.248,46.299,42.411,66.075,25.448,49.078
27,9,47.205,63.015,64.333,64.412,38.502,29.306,24.606
28,9,37.73,47.591,44.843,44.2,72.242,47.732,42.479
29,9,70.247,78.386,60.519,49.178,64.497,37.145,16.859
30,9,62.438,53.961,60.528,46.87,54.927,33.407,33.293
31,9,55.522,54.969,60.924,65.013,36.995,53.664,38.695
32,9,57.776,59.253,45.907,45.333,50.092,46.642,31.773
33,9,42.601,38.66,62.053,41.85,55.927,36.738,48.392
34,9,58.001,49.802,45.876,68.956,71.805,38.694,54.089
36,9,51.982,55.365,50.676,53.664,49.095,37.433,36.676
25,9,56.955,55.816,66.473,61.389,70.37,31.546,43.911
38,9,54.111,35.364,63.084,56.407,59.397,35.665,26.399
39,9,37.364,45.722,58.468,58.916,64.72,42.72,27.883
40,9,52.579,54.089,71.264,43.271,56.138,27.345,17.066
41,9,42.372,70.063,66.216,64.119,47.017,39.177,24.443
42,9,50.53,63.631,40.902,47.937,64.918,40.698,31.337
43,9,45.885,46.439,52.747,61.281,50.347,63.684,43.516
44,9,38.308,65.637,61.104,64.762,48.461,50.861,35.474
45,9,62.393,46.547,66.16,49.7,44.395,35.532,37.629
46,9,52.539,61.688,46.6,54.669,46.605,34.548,25.321
47,9,68.838,35.968,47.962,48.642,38.936,41.106,27.416
48,9,64.363,54.397,54.136,50.115,67.403,43.505,33.463
37,9,52.22,55.66,58.988,66.073,51.907,45.815,27.818
49,9,62.745,51.276,61.23,47.496,60.974,25.654,33.564
24,9,58.375,55.534,74.071,52.52,61.193,38.514,50.244
22,9,49.261,41.102,60.808,61.963,52.725,28.595,38.259
0,9,46.592,61.186,39.517,73.617,51.951,37.824,26.651
1,9,64.7,60.252,47.751,57.65,65.061,43.187,39.361
2,9,61.3,70.581,61.911,65.888,63.808,21.459,14.389
3,9,56.387,59.525,66.946,46.22,45.171,38.625,35.031
4,9,57.667,41.011,72.006,50.675,66.314,36.88,33.833
5,9,44.627,56.011,63.094,52.45,51.091,33.342,28.513
6,9,63.029,51.132,39.83,63.618,48.492,23.189,49.821
7,9,70.185,62.624,53.711,57.574,52.901,38.575,46.79
8,9,57.311,47.247,50.33,54.039,53.63,52.093,43.448
9,9,38.746,50.347,47.963,51.586,45.681,47.503,36.338
10,9,54.997,77.223,57.847,53.304,73.845,38.067,45.334
23,9,66.71,52.059,50.863,54.395,53.847,38.599,52.888
12,9,59.499,52.817,78.749,32.017,44.927,40.433,39.894
13,9,47.625,60.684,56.607,56.893,49.6,15.436,35.241
14,9,62.157,68.639,37.436,62.4,59.897,37.9,42.635
15,9,58.66,58.873,42.824,56.413,57.608,32.614,38.178
16,9,31.931,58.576,42.505,62.423,40.521,37.657,28.872
17,9,69.276,57.193,50.04,53.455,56.299,34.297,26.907
18,9,56.574,74.38,52.004,35.39,61.193,36.711,35.661
19,9,33.137,65.037,49.829,57.439,40.617,52.039,34.052
20,9,69.045,54.729,52.966,61.579,38.747,56.711,32.235
21,9,47.99,56.991,41.039,64.089,63.697,39.597,15.981
11,9,62.543,31.868,71.25,48.065,71.125,36.139,32.334
34,10,69.739,45.545,69.516,27.661,40.427,49.023,35.617
33,10,64.958,56.822,57.215,66.199,73.109,47.756,45.295
32,10,54.883,42.824,56.947,53.666,63.34,27.369,43.224
31,10,60.846,69.181,55.934,47.232,60.38,48.206,51.01
26,10,51.657,66.219,53.857,53.386,66.796,42.21,41.893
29,10,49.303,55.342,71.389,60.359,58.707,28.412,32.095
28,10,47.38,45.009,69.927,62.487,37.724,61.188,31.167
27,10,56.381,51.99,77.852,63.591,73.753,40.34,37.162
35,10,80.046,35.557,55.335,59.639,65.319,43.966,55.576
30,10,62.783,61.561,60.607,75.394,70.88,41.895,28.83
36,10,63.358,69.107,52.847,38.56,71.862,33.203,42.715
42,10,54.656,67.399,55.707,50.674,57.245,18.072,40.329
38,10,63.616,54.159,52.165,55.055,53.841,35.734,57.441
39,10,62.92,55.185,56.004,54.233,54.712,38.65,42.671
40,10,60.972,57.131,62.382,52.275,67.087,33.813,46.03
41,10,73.435,64.088,52.618,41.416,44.199,48.565,32.55
43,10,77.617,57.569,55.321,66.249,55.779,44.283,32.088
44,10,62.391,59.987,60.585,58.996,60.606,41.61,47.344
45,10,51.238,60.988,49.583,61.383,53.884,52.132,51.1
46,10,55.164,63.399,72.074,62.704,60.209,29.353,39.005
47,10,56.972,62.814,57.187,52.005,63.849,34.096,41.401
25,10,65.274,52.509,67.479,66.758,61.756,49.035,29.677
49,10,41.749,55.111,52.602,68.914,53.589,39.363,35.021
37,10,76.541,42.854,52.57,61.971,56.406,36.381,32.783
48,10,34.878,50.717,57.362,45.503,53.473,52.466,38.497
24,10,65.743,58.747,75.991,64.894,36.42,25.359,35.319
22,10,47.427,60.079,52.337,49.463,56.957,29.493,32.759
23,10,56.028,73.868,71.504,56.638,49.97,48.89,34.679
0,10,70.345,58.951,50.481,48.087,71.459,50.472,32.821
1,10,43.517,55.172,60.737,51.317,58.398,39.117,60.216
2,10,61.396,66.464,62.383,57.201,52.006,32.087,68.519
3,10,67.255,56.861,54.502,38.084,37.881,35.185,37.843
4,10,49.926,68.758,69.357,45.077,71.037,32.558,31.509
6,10,50.304,44.849,59.489,57.085,59.665,41.3,38.26
7,10,72.034,77.605,61.515,58.574,60.078,37.345,28.681
8,10,67.601,71.961,44.138,50.239,55.143,46.997,45.83
9,10,33.962,52.355,65.656,53.423,61.172,32.42,36.422
10,10,44.05,67.546,68.581,61.825,66.334,51.127,38.414
5,10,55.934,56.089,48.317,61.171,49.716,44.709,36.643
12,10,59.258,40.514,56.336,55.528,63.517,10.64,46.195
11,10,66.813,63.249,45.812,79.004,63.434,31.003,57.109
20,10,73.81,56.639,55.106,54.336,55.124,30.937,52.244
19,10,70.478,57.531,63.814,58.266,55.197,55.017,36.802
18,10,71.234,59.761,68.253,57.605,50.378,27.897,39.949
17,10,58.647,60.721,73.375,52.998,63.514,38.554,40.754
21,10,51.475,49.846,44.944,63.299,62.358,39.137,42.37
15,10,67.134,64.476,55.437,54.241,70.749,37.686,28.855
14,10,46.651,58.591,70.452,59.522,58.867,31.419,24.763
13,10,57.379,54.317,74.655,47.158,51.424,29.61,41.23
16,10,69.547,76.084,42.695,67.857,56.668,39.787,29.857
36,11,47.784,84.063,53.78,61.773,67.217,33.676,45.222
27,11,57.656,78.34,70.074,67.499,69.682,42.309,38.824
28,11,45.407,69.498,48.731,65.534,66.198,40.981,33.258
29,11,46.961,72.694,55.304,65.844,57.555,49.444,42.14
30,11,80.806,57.538,74.004,58.298,53.821,39.614,39.553
31,11,67.798,73.128,61.45,47.432,54.922,45.922,30.263
32,11,67.43,49.239,68.497,45.156,64.763,36.351,30.481
33,11,61.141,72.979,59.15,58.521,61.016,24.032,49.851
34,11,59.316,59.413,63.134,51.125,61.886,30.007,55.781
35,11,51.15,74.15,68.422,77.213,54.253,40.175,40.182
37,11,53.876,64.419,41.374,70.405,70.014,46.551,21.997
26,11,64.668,62.81,73.417,65.853,71.046,28.964,41.472
39,11,55.317,59.208,60.656,75.389,61.523,43.879,56.48
40,11,68.572,65.876,56.379,58.145,68.742,48,42.221
41,11,62.062,68.455,68.034,53.449,60.398,39.356,56.582
42,11,61.569,63.414,41.053,64.216,68.839,50.118,25.25
43,11,68.191,62.424,77.711,62.078,64.68,34.178,59.984
44,11,62.105,62.127,54.517,61.618,75.116,34.7,50.08
45,11,72.555,43.491,70.23,71.772,39.899,41.04,32.745
46,11,52.115,47.981,64.695,68.748,64.128,49.888,41.833
47,11,54.969,49.271,57.834,48.929,54.67,34.601,51.771
48,11,69.907,48.025,66.808,66.833,85.708,53.416,32.783
38,11,67.432,47.428,57.058,57.768,54.584,33.858,19.693
25,11,72.887,40.729,53.651,47.944,35.62,30.683,24.351
49,11,68.427,52.328,52.775,60.008,63.065,30.382,34.337
23,11,59.418,45.959,49.481,68.291,69.392,27.116,35.345
0,11,70.559,70.064,78.783,70.073,57.999,51.235,30.869
1,11,71.114,47.485,54.153,52.472,45.856,27.311,20.48
2,11,51.011,59.642,51.532,72.708,73.705,32.369,29.222
3,11,57.776,45.257,68.778,74.595,67.711,39.658,33.449
4,11,55.878,66.674,70.246,53.79,64.636,41.728,44.358
5,11,65.757,63.938,60.668,55.009,68.488,29.957,43.163
6,11,63.318,46.016,54.292,72.411,53.688,45.682,42.964
7,11,59.617,77.228,72.247,59.008,64.967,56.8,16.406
8,11,60.705,65.624,58.417,63.433,53.255,29.737,45.884
9,11,48.859,56.144,65.085,56.028,51.443,55.362,38.941
10,11,62.33,65.918,50.878,57.18,45.623,44.011,38.189
24,11,55.073,78.684,66.953,60.941,42.942,40.469,40.027
12,11,56.685,77.707,64.602,60.293,59.086,32.567,18.347
13,11,62.947,45.409,70.496,50.721,74.37,48.808,36.537
14,11,56.108,82.999,62.258,58.451,62.281,50.717,39.936
15,11,81.325,64.228,52.366,75.383,56.701,39.875,31.48
16,11,54.316,51.125,62.811,60.718,57.949,44.296,46.405
17,11,57.982,45.217,65.5,52.613,67.169,36.13,36.916
18,11,60.282,38.261,59.811,68.551,47.237,29.322,42.206
19,11,58.884,68.306,50.674,55.667,48.648,38.111,40.153
20,11,42.85,58.335,75.603,60.445,72.043,58.301,30.466
21,11,58.242,68.205,75.121,65.081,51.382,51.043,33.887
22,11,45.623,44.072,59.422,51.454,63.416,29.539,56.233
11,11,59.553,64.86,63.604,69.923,56.354,34.343,32.647
35,12,78.848,76.701,79.094,82.392,55.064,50.531,35.177
34,12,78.244,68.821,64.082,84.623,67.69,47.196,56.955
33,12,77.089,78.685,67.007,71.575,88.718,40.65,40.105
32,12,64.721,81.503,61.439,67.982,79.341,37.76,41.393
27,12,71.283,76.293,79.046,73.613,80.337,44.115,38.735
30,12,65.606,71.805,73.511,81.599,80.897,40.672,46.723
29,12,68.6,63.389,71.198,59.93,81.326,57.55,46.85
28,12,75.547,86.062,45.998,68.197,57.119,41.04,27.971
36,12,61.422,69.676,71.773,72.189,55.359,35.357,49.878
31,12,73.712,73.384,78.638,70.778,76.948,29.343,42.336
37,12,88.569,73.776,63.818,63.591,67.428,47.654,69.983
43,12,73.841,75.327,80.502,60.913,73.504,39.736,46.105
39,12,82.733,62.822,66.224,65.661,62.62,35.454,46.071
40,12,62.253,78.495,88.948,80.029,61.594,38.428,26.236
41,12,68.034,79.032,73.986,72.41,61.589,55.517,28.859
42,12,84.173,77.491,65.973,72.435,60.735,34.935,38.778
44,12,73.917,65.997,73.143,57.24,85.966,59.05,28.973
45,12,67.767,84.604,76.818,71.707,63.876,40.308,44.459
46,12,57.597,56.215,66.09,68.231,73.098,32.722,35.145
47,12,75.867,71.587,51.306,68.767,60.288,40.874,46.527
48,12,77.972,67.323,88.85,88.673,72.044,30.014,39.767
26,12,86.517,58.776,54.556,64.373,63.563,58.05,34.855
38,12,67.77,82.134,92.195,57.917,77.343,24.474,35.182
25,12,59.727,47.654,58.181,72.401,44.701,54.445,45.592
49,12,68.131,67.758,74.4,60.878,56.392,30.047,47.384
23,12,82.274,77.184,71.313,69.001,67.027,24.643,43.744
0,12,70.804,59.777,54.324,74.506,56.723,43.291,56.46
1,12,64.779,86.32,73.16,77.633,75.934,35.542,39.302
2,12,90.687,88.784,94.585,74.892,70.542,33.016,35.533
3,12,67.397,89.696,90.511,70.378,66.96,47.144,58.105
4,12,70.707,77.59,81.445,76.65,89.643,46.296,40.842
5,12,76.671,60.984,80.185,75.784,72.65,50.531,42.662
6,12,72.953,62.73,70.442,90.735,86.335,37.426,39.519
7,12,68.158,51.917,86.678,75.934,72.881,45.507,33.075
8,12,77.031,44.562,69.543,74.069,64.393,51.822,23.601
9,12,75.035,65.378,73.442,73.651,78.764,44.647,32.059
10,12,80.881,82.07,76.7,68.703,79.128,46.033,39.088
24,12,71.493,83.909,74.098,57.462,72.202,39.086,58.659
12,12,74.416,80.586,73.431,65.151,88.02,35.833,49.124
13,12,79.386,62.373,88.565,66.219,77.974,45.279,46.938
14,12,61.188,82.205,62.21,98.876,73.443,54.1,41.101
15,12,75.536,61.557,83.139,89.434,73.134,40.472,43.323
16,12,62.658,76.655,75.793,72.056,59.27,36.007,48.572
17,12,75.407,86.504,64.848,71.738,58.793,45.629,39.507
18,12,66.136,78.996,63.629,77.272,73.047,49.935,29.075
19,12,95.848,75.846,85.96,73.068,75.487,44.23,43.076
20,12,75.385,70.308,68.374,80.439,86.24,25.341,23.65
21,12,64.176,61.807,89.09,85.084,78.17,38.129,37.654
22,12,88.474,81.501,59.374,77.875,61.616,39.836,33.204
11,12,67.85,57.552,84.521,55.187,88.876,37.401,58.518
34,13,88.206,96.407,89.642,112.614,78.756,37.563,45.654
33,13,92.457,88.866,89.401,85.172,80.269,68.631,37.576
32,13,87.041,92.01,90.893,68.468,87.781,59.269,51.584
31,13,86.828,66.956,107.457,101.967,74.597,36.927,44.56
26,13,69.003,77.517,71.404,92.441,79.341,62.538,73.446
29,13,106.519,97.912,70.53,88.381,79.331,54.784,37.837
28,13,92.028,85.475,83.878,89.27,80.545,46.489,60.216
27,13,70.059,86.53,87.276,88.763,95.63,57.324,57.008
35,13,88.328,87.76,80.521,74.236,105.339,73.433,57.663
30,13,82.416,88.98,77.957,76.042,92.756,47.882,74.853
36,13,103.317,84.488,92.925,85.514,81.091,41.613,50.958
42,13,91.578,75.661,101.394,115.648,92.41,56.049,64.711
38,13,88.5,92.646,101.086,83.298,87.881,50.956,42.599
39,13,76.73,85.889,87.862,62.422,83.487,44.188,58.993
40,13,74.682,77.401,91.161,94.488,90.506,39.653,48.802
41,13,95.817,81.92,97.554,77.761,108.95,48.029,45.039
43,13,86.084,82.028,92.574,77.576,94.87,58.16,66.075
44,13,80.497,73.679,89.161,67.206,78.26,59.854,43.745
45,13,75.626,80.428,80.648,78.824,82.494,52.504,60.775
46,13,78.74,86.383,62.914,90.121,86.828,58.177,55.251
47,13,84.801,84.471,74.108,97.484,86.688,77.732,68.628
48,13,79.851,97.411,87.886,78.578,93.286,76.782,43.862
25,13,99.189,87.767,111.375,74.71,84.773,57.782,41.779
37,13,89.608,84.864,87.62,81.276,91.582,58.261,56.025
49,13,104.191,76.568,103.35,76.225,79.577,55.931,41.081
24,13,96.519,93.944,73.118,80.678,74.921,56.736,62.097
22,13,88.002,91.048,83.28,88.864,78.065,48.393,63.092
23,13,80.116,78.283,80.298,74.064,75.321,66.286,49.073
0,13,95.999,94.794,78.11,86.931,89.934,49.992,51.058
1,13,88.472,103.73,71.641,81.421,99.897,47.085,61.622
2,13,106.188,91.758,76.443,97.726,82.38,55.092,36.168
3,13,87.36,81.046,89.135,94.826,102.259,55.906,78.309
4,13,104.08,75.253,81.892,88.649,96.89,60.79,55.628
6,13,85.912,106.552,85.343,72.019,79.388,42.813,52.809
7,13,79.352,94.847,88.319,85.303,91.381,54.725,70.603
8,13,79.63,91.503,77.883,90.162,84.046,63.864,38.352
9,13,90.297,98.629,81.264,90.116,83.562,55.373,45.149
10,13,91.449,100.862,81.297,90.138,90.029,70.363,63.17
5,13,73.723,84.512,90.199,86.323,92.472,54.216,65.927
12,13,90.447,94.308,98.592,87.801,96.57,65.822,42.156
13,13,80.619,95.984,92.694,72.656,75.908,50.448,57.01
14,13,86.767,94.606,86.355,96.304,89.702,61.57,59.407
15,13,88.353,83.773,70.632,78.919,97.877,62.052,50.96
16,13,89.929,67.046,92.176,91.199,88.668,52.146,63.939
17,13,86.366,80.017,65.485,71.979,90.668,61.904,48.708
18,13,90.905,83.815,89.81,90.158,103.223,48.715,64.23
19,13,77.532,91.782,76.089,87.103,85.908,79.075,46.78
20,13,90.192,88.099,92.138,72.885,101.527,52.865,70.495
11,13,91.605,92.786,66.159,84.675,77.681,57.568,66.336
21,13,85.397,77.668,77.159,86.056,98.659,43.282,73.418
35,14,73.44,61.563,66.513,82.479,74.789,60.463,65.865
34,14,102.497,81.203,91.479,77.13,85.896,55.011,57.257
33,14,72.853,79.827,90.22,79.276,60.409,56.387,63.01
32,14,83.673,93,77.125,92.116,71.287,65.138,57.969
27,14,79.991,76.62,68.406,64.282,72.087,52.881,51.556
30,14,73.586,65.465,88.895,60.723,74.151,62.075,67.336
29,14,97.368,73.08,60.417,76.496,70.085,62.582,49.273
28,14,84.364,81.365,58.284,82.148,73.884,53.086,75.814
36,14,67.87,75.821,76.248,94.22,89.87,63.291,67.431
31,14,87.737,84.225,73.493,67.724,73.218,57.863,65.814
37,14,66.15,83.735,62.703,97.156,84.352,71.602,60.889
49,14,66.579,61.6,84.995,74.567,79.69,69.971,75.039
39,14,80.17,81.761,77.655,71.599,81.052,63.219,50.514
40,14,74.357,98.412,90.651,76.54,78.256,56.836,57.254
41,14,91.07,66.912,69.49,68.225,80.671,43.992,62.402
42,14,72.376,77.994,85.745,88.398,96.232,71.213,60.104
43,14,85.95,78.434,85.346,60.266,68.38,54.664,73.058
44,14,65.153,59.027,75.777,73.498,77.748,50.114,63.762
45,14,91.441,82.703,95.984,94.696,92.672,57.282,59.272
46,14,68.394,68.413,85.031,78.012,87.237,66.082,58.344
47,14,95.914,76.652,72.06,78.056,87.954,78.728,67.227
48,14,83.089,79.106,69.01,80.555,74.395,63.805,59.893
26,14,64.094,78.882,65.478,68.7,75.155,68.735,63.259
38,14,94.118,72.82,80.772,74.46,82.87,73.935,62.444
25,14,92.558,82.799,63.097,87.203,68.17,54.516,64.917
24,14,91.7,61.116,67.752,82.539,75.187,51.911,40.368
23,14,67.529,78.419,100.069,59.294,57.328,67.486,66.479
1,14,62.468,83.078,67.507,76.214,53.629,51.917,50.451
2,14,73.186,80.2,89.933,89.18,88.535,69.715,80.369
3,14,68.371,68.729,82.422,98.987,84.026,42.413,48.568
4,14,86.105,69.799,71.576,91.674,91.877,57.456,57.04
5,14,59.378,81.446,95.472,76.565,66.152,71.705,39.415
6,14,83.471,89.488,92.536,74.962,85.455,46.822,56.986
7,14,77.291,86.768,68.894,64.807,85.518,61.775,71.397
8,14,87.786,94.473,73.391,79.5,76.487,71.523,73.079
9,14,85.99,98.586,74.483,81.823,68.054,64.729,77.359
10,14,66.741,89.039,97.005,81.821,79.059,70.222,59.557
11,14,75.031,84.407,70.362,73.363,97.757,57.593,62.643
0,14,66.503,91.034,67.073,74.101,81.307,64.64,49.269
13,14,80.871,93.028,73.534,69.092,83.107,68.119,55.195
14,14,92.327,83.205,93.695,59.87,66.743,67.811,69.067
15,14,102.793,89.434,61.293,84.542,86.666,83.325,63.704
16,14,78.825,74.713,59.273,70.142,79.555,62.643,67.513
17,14,82.168,59.124,83.429,73.009,70.116,55.997,53.737
18,14,64.102,79.823,78.442,85.14,86.134,50.029,50.419
19,14,79.64,91.147,80.689,86.173,79.348,57.795,56.041
20,14,88.7,70.608,104.209,70.068,98.332,66.919,57.894
21,14,65.674,63.132,75.605,68.119,81.437,65.809,42.581
22,14,86.463,98.539,79.516,73.385,67.812,47.902,65.492
12,14,80.623,86.916,92.855,71.127,79.574,76.97,48.978
35,15,67.55,65.512,90.983,60.037,76.391,75.336,47.194
34,15,89.589,79.626,69.409,89.467,81.756,67.715,54.769
33,15,79.982,80.27,82.142,75.467,76.778,62.917,63.732
32,15,72.966,69.564,84.268,68.92,58.794,47.959,66.723
27,15,92.013,68.647,78.608,68.118,94.954,39.123,41.133
30,15,85.31,85.962,57.403,58.82,74.584,68.15,61.138
29,15,89.969,61.512,79.095,60.364,90.401,74.865,52.792
28,15,73.141,79.562,87.764,72.974,65.689,50.302,49.869
36,15,77.816,71.928,64.977,83.672,70.999,64.541,62.58
31,15,65.314,84.972,83.081,74.263,57.813,68.397,49.338
37,15,75.678,79.783,89.216,83.771,77.795,60.985,48.467
42,15,91.59,75.031,74.764,85.064,60.756,49.808,70.141
39,15,83.209,68.021,79.515,72.35,75.367,40.696,72.929
40,15,83.859,58.17,71.047,73.888,72.674,50.82,54.704
41,15,80.281,73.572,94.017,91.837,54.879,57.225,51.694
43,15,90.931,67.394,89.002,72.483,58.733,50.1,53.944
44,15,76.679,92.137,78.178,60.216,85.982,50.743,52.913
45,15,75.723,79.446,82.385,86.862,81.118,57.653,67.357
46,15,87.307,79.541,64.054,73.482,70.623,57.645,76.612
47,15,63.939,65.253,68.872,96.701,67.516,61.775,54.835
48,15,75.555,79.144,71.935,81.991,79.372,47.596,56.912
26,15,80.433,89.456,80.935,99.966,89.008,44.921,65.297
38,15,85.018,65.177,74.716,84.585,70.449,43.532,51.835
25,15,78.957,83.222,64.639,82.741,75.607,59.17,68.036
49,15,80.447,68.564,70.745,77.106,66.015,52.495,56.728
23,15,83.324,61.38,92.156,72.013,100.763,50.166,47.873
0,15,71.841,81.451,57.847,99.905,85.616,52.9,56.517
1,15,86.955,75.259,80.051,79.322,90.131,53.95,70.685
2,15,64.077,75.053,71.136,84.582,60.993,74.322,49.173
3,15,71.035,73.958,84.751,76.604,89.068,72.238,51.137
4,15,74.737,72.304,85.738,79.733,85.128,74.757,59.531
5,15,87.463,80.683,78.813,73.943,77.254,65.324,66.946
6,15,74.485,79.744,80.614,65.34,83.921,55.573,52.589
7,15,72.182,69.961,103.656,79.715,88.012,59.151,74.264
8,15,73.197,81.68,66.505,77.776,84.774,34.385,56.454
9,15,76.285,78.192,75.643,82.952,52.698,63.848,44.315
10,15,85.969,54.003,73.236,86.495,85.044,58.483,38.419
24,15,80.436,76.028,76.441,65.966,81.964,50.567,50.146
12,15,70.59,72.799,70.268,70.875,72.648,53.185,57.974
13,15,84.387,90.391,65.705,69.031,79.161,40.584,50.594
14,15,81.138,69.391,75.694,70.985,75.515,44.623,49.19
15,15,78.807,87.253,79.004,71.927,74.825,49.191,64.844
16,15,80.864,61.839,82.935,73.698,52.807,61.336,50.586
17,15,76.813,92.629,89.343,78.896,86.472,63.739,46.156
18,15,74.363,76.063,78.172,91.558,59.735,55.775,40.361
19,15,70.13,74.202,74.546,65.249,93.51,68.904,75.584
20,15,75.832,88.036,87.315,80.397,81.478,49.218,66.79
21,15,75.205,91.382,82.071,67.784,63.988,54.012,61.497
22,15,84.402,59.92,88.145,63.475,93.599,72.14,59.834
11,15,60.43,88.367,89.982,87.91,78.897,56.919,63.145
34,16,67.763,88.04,49.685,70.721,58.105,76.084,60.286
33,16,78.699,72.345,57.332,61.987,60.046,63.516,48.851
32,16,50.816,62.146,55.688,79.302,54.337,74.386,64.53
31,16,83.539,73.845,54.506,83.127,52.621,69.942,71.999
26,16,48.96,80.149,67.539,64.988,65.757,48.873,52.245
29,16,68.548,63.295,76.399,57.19,52.151,84.359,62.751
28,16,77.324,52.542,69.312,57.241,80.298,71.941,66.257
27,16,66.707,63.894,63.541,71.498,65.049,64.036,63.738
35,16,57.431,75.633,76.875,63.527,47.758,71.302,63.825
30,16,69.171,69.147,47.218,67.769,57.008,66.197,53.246
36,16,68.17,73.303,61.223,79.577,57.465,75.097,61.607
42,16,77.494,55.49,55.39,63.627,71.443,68.345,51.175
38,16,58.089,63.912,57.27,81.6,75.481,53.581,56.252
39,16,60.559,68.937,75.474,54.614,67.138,75.52,56.362
40,16,71.587,78.774,55.783,64.965,41.388,53.541,56.525
41,16,56.248,68.93,53.218,66.399,48.057,56.832,74.39
43,16,64.016,66.968,61.655,66.756,76.035,68.255,63.341
44,16,56.464,53.095,73.69,73.423,54.802,61.826,58.924
45,16,69.424,67.999,64.457,79.24,40.641,59.856,86.758
46,16,74.113,53.034,58.917,54.824,53.735,41.927,51.533
47,16,50.121,93.385,55.077,68.447,82.211,57.662,65.928
48,16,62.38,60.111,66.062,60.52,78.723,71.148,61.914
25,16,83.54,70.884,59.14,63.384,75.503,62.772,59.798
37,16,70.928,61.507,66.473,62.61,49.527,62.305,66.419
49,16,55.044,71.5,77.316,60.542,63.457,71.996,42.696
24,16,56.781,72.486,58.521,80.252,78.878,70.357,62.539
22,16,69.725,62.06,68.525,69.499,67.238,65.944,50.913
23,16,78.585,72.185,69.228,69.786,71.28,44.88,70.103
0,16,78.45,55.299,64.591,76.512,58.862,66.525,53.656
1,16,54.013,73.19,62.8,72.978,60.757,47.852,39.237
2,16,74.271,73.72,66.097,73.642,84.818,66.89,40.952
3,16,56.644,68.896,66.013,48.053,63.315,65.272,58.271
4,16,82.204,56.382,48.444,64.395,70.021,53.901,58.426
6,16,81.272,53.969,55.488,60.741,50.538,49.377,66.606
7,16,74.322,64.354,69.805,67.783,65.874,38.777,64.014
8,16,66.505,60.197,73.188,65.982,50.731,52.943,63.722
9,16,71.597,72.905,63.411,59.984,56.176,61.829,59.413
10,16,62.077,48.837,78.3,67.368,68.463,49.549,61.833
5,16,66.59,57.286,72.394,66.737,61.804,60.454,56.962
12,16,62.984,69.189,66.7,70.5,60.438,55.814,62.137
11,16,41.009,73.964,67.894,63.049,54.459,71.18,56.32
20,16,82.968,51.098,47.948,65.934,73.71,60.754,75.426
19,16,57.779,61.707,64.141,71.227,66.932,62.738,70.95
18,16,71.422,85.735,59.277,58.249,64.478,56.649,58.574
17,16,76.972,52.094,62.358,66.449,60.766,59.381,59.626
21,16,44.911,59.991,61.54,71.575,59.785,37.012,54.164
15,16,52.308,42.915,55.993,49.917,63.27,71.793,43.501
14,16,60.316,41.874,62.031,60.716,75.024,63.231,51.754
13,16,77.988,61.065,73.748,67.41,73.268,60.896,29.529
16,16,77.702,54.429,65.371,69.067,66.515,76.802,63.437
36,17,44.638,69.882,52.275,74.587,53.325,64.943,66.899
27,17,56.136,69.817,66.442,63.392,59.833,84.347,69.084
28,17,69.796,78.406,70.111,61.571,54.031,66.324,53.845
29,17,46.308,55.401,63.96,54.303,77.743,74.182,54.643
30,17,72.487,86.529,71.274,62.889,70.108,73.587,61.096
31,17,65.525,48.162,55.449,72.363,62.695,72.132,44.179
32,17,71.897,62.493,53.402,67.817,86.455,60.724,51.307
33,17,76.786,60.179,89.563,56.432,52.67,41.67,62.908
34,17,66.904,61.197,53.904,45.49,64.416,42.621,50.87
35,17,78.892,81.947,66.281,55.858,67.011,63.319,63.645
49,17,58.755,61.061,71.985,66.562,75.651,68.903,67.906
26,17,66.77,59.119,77.257,56.322,81.116,56.867,78.348
39,17,66.284,42.144,50,85.025,54.273,47.716,51.559
40,17,77.756,70.33,70.981,56.548,56.944,73.127,73.093
41,17,54.485,75.971,65.347,67.678,67.974,50.611,57.691
42,17,80.11,64.516,59.439,52.994,68.702,57.263,71.635
43,17,55.843,80.216,53.831,88.605,58.078,63.778,63.422
44,17,73.843,67.923,53.731,68.063,56.077,61.293,56.507
45,17,58.029,61.757,57.273,68.971,62.715,58.011,66.058
46,17,53.978,52.671,59.829,69.692,74.58,49.345,72.118
47,17,50.003,64.96,67.964,61.229,55.963,47.095,51.129
48,17,63.014,75.5,64.636,54.703,48.314,57.988,64.441
38,17,59.445,59.508,57.107,53.359,57.278,58.908,68.16
25,17,61.472,42.051,61.642,43.878,68.631,54.807,75.4
37,17,62.31,49.342,73.495,67.965,64.275,49.651,73.611
23,17,70.067,62.84,77.804,51.523,64.145,78.25,62.955
0,17,75.894,71.215,64.2,60.97,47.077,53.935,74.072
1,17,47.728,63.299,88.881,78.392,65.317,45.924,60.266
2,17,65.252,53.528,70.526,83.463,59.313,58.534,65.762
3,17,69.745,66.571,61.435,57.974,67.475,51.019,67.094
4,17,76.14,67.171,60.289,46.868,58.213,50.683,59.02
5,17,62.514,55.415,62.129,64.363,75.782,67.996,73.479
6,17,45.718,61.625,79.602,61.103,59.605,64.99,56.559
7,17,40.899,64.612,78,72.475,75.049,58.308,70.428
8,17,50.591,70.69,60.812,63.173,62.986,50.435,79.531
9,17,65.829,55.585,50.389,58.257,60.565,62.885,55.655
10,17,54.597,63.05,66.151,45.768,40.453,67.463,68.064
24,17,55.01,51.531,58.699,39.72,52.682,81.211,53.438
12,17,63.704,69.888,69.623,66.866,67.965,57.02,68.992
13,17,50.71,52.931,85.104,65.083,76.056,56.502,65.338
14,17,70.722,47.009,44.193,55.938,64.785,62.304,63.545
15,17,56.903,74.011,47.355,61.673,61.757,51.093,62.896
16,17,71.646,66.605,62.163,63.507,39.822,62.679,64.698
17,17,55.545,73.906,61.336,62.746,67.296,64.225,64.252
18,17,62.46,63.027,53.604,52.409,71.665,60.31,55.274
19,17,73.466,67.336,65.002,84.81,64.322,54.708,68.141
20,17,63.549,63.543,58.206,62.465,73.62,68.621,64.115
21,17,59.298,52.418,49.704,48.069,67.293,42.355,55.329
22,17,69.244,57.378,65.122,69.312,74.807,58.14,49.815
11,17,72.982,39.463,70.938,53.809,49.466,60.856,62.171
35,18,50.902,51.125,47.786,70.799,48.076,73.062,69.969
34,18,62.848,57.039,51.587,61.668,57.15,66.692,52.784
33,18,59.108,61.77,59.248,78.378,58.945,85.505,61.188
32,18,48.393,58.75,58.924,49.323,31.578,58.078,49.649
27,18,85.896,66.567,64.454,65.071,64.623,54.139,64.898
30,18,46.317,52.15,49.887,52.882,77.933,62.567,76.845
29,18,72.632,66.109,65.023,60.998,54.717,60.121,72.679
28,18,50.162,64.82,61.838,54.309,63.117,78.64,70.549
36,18,60.47,60.356,35.787,52.063,44.741,63.416,63.635
31,18,58.883,70.025,61.427,59.561,57.531,53.034,67.759
37,18,55.791,47.298,61.688,65.37,41.792,73.555,62.512
43,18,65.429,58.011,53.437,51.245,61.988,57.713,61.371
39,18,54.778,54.124,39.451,64.864,69.195,43.227,61.236
40,18,56.229,47.287,45.161,81.25,59.742,62.643,76.906
41,18,58.235,61.019,84.242,69.561,48.694,69.616,60.821
42,18,71.297,70.087,52.474,73.013,50.532,59.549,55.978
44,18,41.466,57.809,57.214,71.485,72.443,58.226,74.209
45,18,51.895,49.962,59.299,44.023,51.897,54.399,52.018
46,18,67.343,61.006,50.724,78.99,65.543,67.591,52.045
47,18,53.252,53.329,53.849,47.868,72.081,49.647,71.725
48,18,55.349,52.589,56.041,67.72,38.271,56.43,59.305
26,18,70.635,37.192,70.349,58.834,53.614,67.677,68.458
38,18,70.072,67.009,42.999,51.529,49.277,44.41,61.594
25,18,56.581,50.881,69.398,47.954,64.303,48.197,61.472
49,18,56.356,51.289,71.797,63.828,58.001,66.931,68.744
23,18,73.04,56.618,69.221,62.566,56.26,63.781,47.296
0,18,72.449,64.897,60.372,62.953,55.467,69.976,72.831
1,18,63.41,73.49,66.372,64.996,63.76,69.165,58.659
2,18,53.852,57.087,51.339,50.825,78.276,67.094,73.655
3,18,48.419,58.219,60.793,45.23,74.932,56.737,71.453
4,18,53.44,62.19,59.525,52.813,79.342,64.554,38.107
5,18,62.905,33.101,58.977,69.899,59.151,69.795,61.983
6,18,50.518,58.876,57.584,59.739,59.66,56.788,42.042
7,18,75.458,72.404,74.78,71.374,57.705,60.916,53.197
8,18,63.582,60.957,74.439,45.641,60.272,81.102,78.786
9,18,65.982,67.994,55.878,48.324,70.069,62.931,56.34
10,18,61.052,52.845,74.583,34.055,65.416,68.149,72.23
24,18,55.159,51.085,58.623,60.26,52.663,60.53,73.385
12,18,64.329,65.003,60.364,82.916,67.037,85.969,63.821
13,18,63.166,56.283,53.763,63.403,76.366,72.851,67.299
14,18,61.379,67.698,74.525,75.769,54.836,55.768,46.893
15,18,58.768,48.39,76.163,55.353,67.031,56.312,62.617
16,18,58.834,60.818,81.343,72.571,65.198,64.746,48.484
17,18,44.144,65.55,65.735,63.662,55.127,48.147,77.39
18,18,58.851,81.353,56.04,52.995,64.119,69.194,75.036
19,18,71.255,45.634,66.802,44.506,49.457,48.264,74.029
20,18,51.423,64.095,58.589,59.449,57.299,54.237,69.059
21,18,45.302,66.316,61.078,73.853,69.606,60.607,69.557
22,18,58.203,79.129,53.478,73.201,67.008,52.566,75.676
11,18,39.816,54.923,63.971,63.986,54.167,62.253,57.017
34,19,59.647,79.799,45.366,70.032,50.562,45.09,59.244
33,19,70.973,68.761,53.052,59.874,56.663,55.01,35.723
32,19,49.598,56.091,51.528,68.234,60.194,41.582,75.824
31,19,35.262,55.246,66.051,47.869,56.446,56.981,30.049
26,19,49.807,78.596,43.779,72.346,75.509,55.965,58.059
29,19,45.397,39.409,53.231,45.58,49.36,55.662,44.408
28,19,36.816,56.739,52.457,54.897,49.782,55.769,50.317
27,19,55.645,42.161,68.718,56.893,56.17,48.803,53.502
35,19,55.484,50.355,60.933,54.583,67.181,55.69,59.91
30,19,49.263,66.473,59.254,73.818,55.148,48.754,41.16
36,19,46.312,55.661,58.61,58.036,52.657,61.426,61.199
42,19,46.107,60.68,69.103,72.888,48.124,41.942,64.506
38,19,51.662,56.895,61.914,46.618,71.066,38.068,56.505
39,19,51.779,42.827,68.016,43.839,71.949,46.797,26.182
40,19,51.692,52.26,56.777,52.326,55.112,53.348,42.466
41,19,60.406,45.15,54.371,57.284,81.592,48.087,49.737
43,19,71.826,53.121,70.6,52.295,55.184,42.231,28.18
44,19,37.771,47.704,40.543,56.202,36.195,38.758,57.572
45,19,58.438,50.371,48.522,45.448,59.299,24.579,60.57
46,19,59.982,67.568,54.523,63.686,39.041,49.894,54.555
47,19,63.78,58.356,63.761,63.527,52.291,38.14,44.229
48,19,51.048,51.539,58.016,61.987,43.243,51.364,62.393
25,19,67.091,53.797,43.4,50.746,54.008,41.81,45.117
37,19,60.675,49.961,45.611,69.108,59.016,53.482,44.262
49,19,68.707,46.862,59.969,52.987,30.429,44.723,41.057
24,19,56.449,53.277,46.877,33.604,46.276,52.595,67.621
22,19,58.448,59.819,59.926,51.179,44.203,51.882,46.201
23,19,45.876,54.479,53.222,55.601,80.092,39.899,45.472
0,19,51.9,72.79,47.197,52.808,49.393,52.063,52.455
1,19,62.027,52.939,53.662,50.128,59.836,37.614,44.281
2,19,52.182,70.929,37.423,57.516,67.451,44.638,43.553
3,19,57.4,52.263,65.2,59.554,58.395,55.055,61.222
4,19,54.631,44.467,66.347,48.438,51.745,50.038,29.163
6,19,44.498,56.711,57.609,46.534,64.673,32.98,60.611
7,19,34.334,59.96,40.225,62.616,46.626,37.112,36.203
8,19,50.624,58.018,50.539,58.201,53.824,60.434,49.021
9,19,56.041,64.882,72.211,62.976,58.986,58.006,41.539
10,19,57.194,58.534,67.74,65.045,37.135,38.936,60.568
5,19,42.68,48.865,69.978,56.056,46.573,44.662,49.042
12,19,59.345,53.845,62.053,48.107,24.331,51.431,50.539
11,19,73.273,59.731,47.094,69.573,61.201,52.396,49.438
20,19,62.121,72.525,55.222,66.434,48.558,51.963,46.732
19,19,60.951,52.418,42.81,52.011,42.728,61.692,52.257
18,19,57.736,57.711,53.274,62.407,47.788,53.278,36.526
17,19,62.965,61.037,63.918,77.247,65.784,60.125,42.367
21,19,57.691,59.774,63.385,47.452,47.472,33.745,41.487
15,19,77.839,46.704,62.277,50.182,55.306,59.149,49.325
14,19,60.557,39.903,57.243,60.489,33.785,36.762,48.367
13,19,48.928,59.536,64.836,62.255,62.067,41.723,56.723
16,19,54.565,47.192,36.288,40.887,58.105,46.367,63.402
36,20,54.103,68.521,52.78,53.649,37.176,27.122,39.608
27,20,52.073,49.94,46.755,54.004,50.407,52.308,42.252
28,20,54.455,46.287,52.79,45.641,68.437,53.615,50.168
29,20,37.995,63.015,64.919,67.985,57.183,53.671,60.967
30,20,36.104,64.223,42.284,65.569,60.762,49.922,46.471
31,20,33.972,60.641,53.541,57.795,44.2,38.299,54.925
32,20,63.229,73.692,69.401,57.455,56.125,38.15,60.763
33,20,63.814,70.245,44.046,44.758,48.126,58.078,34.822
34,20,50.959,72.788,45.808,52.337,36.319,49.749,60.525
35,20,41.628,52.261,42.349,53.351,51.556,56.165,60.774
49,20,65.956,44,50.313,67.813,59.836,26.648,55.773
26,20,52.605,58.501,73.374,63.257,51.049,40.225,60.006
39,20,44.934,68.579,41.451,58.289,54.179,49.491,45.119
40,20,65.433,38.409,43.729,51.589,54.463,46.61,44.308
41,20,69.783,45.577,60.047,42.086,25.566,42.84,47.013
42,20,58.831,46.757,55.814,53.643,57.869,47.352,29.031
43,20,36.554,64.185,40.169,38.679,33.653,41.455,45.899
44,20,53.695,54.41,50.498,46.346,44.875,40.843,44.519
45,20,47.819,55.288,52.683,63.101,51.793,39.788,53.912
46,20,72.158,48.324,38.409,44.138,67.8,43.982,30.907
47,20,60.63,58.518,38.844,33.209,59.683,38.57,33.569
48,20,62.007,72.558,57.393,77.066,44.641,33.172,52.088
38,20,41.283,66.914,43.089,62.425,62.986,36.902,55.238
25,20,42.849,42.382,63.745,45.676,53.417,34.783,42.959
37,20,68.839,61.899,62.754,52.139,49.05,33.921,40.903
23,20,42.348,54.215,67.34,47.401,43.411,45.895,50.149
0,20,47.038,44.089,53.628,49.74,59.215,46.319,39.976
1,20,53.512,67.663,57.912,50.464,39.299,31.057,40.422
2,20,59.594,68.186,64.96,50.194,55.382,45.592,48.016
3,20,44.51,65.298,70.206,56.848,37.597,54.114,32.934
4,20,55.231,40.994,61.938,58.945,66.476,66.562,40.204
5,20,89.102,56.884,49.834,70.051,64.867,38.412,45.282
6,20,47.268,58.268,57.174,49.928,51.016,50.215,41.782
7,20,72.562,68.887,64.811,45.236,42.832,40.097,49.257
8,20,55.415,45.91,60.676,60.387,43.469,44.912,33.845
9,20,60.927,61.253,50.942,65.382,74.285,51.567,52.915
10,20,53.662,51.087,42.905,65.25,57.147,39.391,35.154
24,20,32.541,64.059,52.504,53.876,69.35,46.134,32.688
12,20,60.925,50.872,54.381,55.418,42.703,53.658,45.758
13,20,57.379,60.628,50.461,57.409,67.318,35.023,36.341
14,20,49.582,54.784,56.463,51.43,56.973,36.004,30.514
15,20,58.492,58.444,50.079,51.234,45.591,46.504,49.137
16,20,52.66,39.229,69.084,58.144,50.003,46.527,58.714
17,20,63.21,57.19,69.336,50.192,66.04,39.202,45.966
18,20,47.037,54.63,54.746,45.321,44.474,50.698,43.468
19,20,56.98,47.372,42.636,68.306,47.257,58.526,39.8
20,20,56.127,71.272,48.462,50.019,47.788,48.569,74.324
21,20,70.041,54.28,50.173,44.307,56.138,55.7,67.497
22,20,63.245,36.523,45.224,44.452,58.107,49.479,42.261
11,20,58.881,54.06,39.98,46.896,59.705,66.839,63.698
35,21,61.63,64.082,42.705,54.453,46.773,38.038,57.386
34,21,45.23,75.5,48.965,40.294,52.738,32.54,42.408
33,21,48.875,67.908,55.23,71.51,62.365,46.526,47.247
32,21,39.132,63.928,49.93,52.454,51.886,40.424,49.766
27,21,60.802,35.665,59.643,66.17,58.714,35.815,68.882
30,21,44.68,76.166,60.04,54.254,54.429,47.844,30.859
29,21,46.334,54.355,58.934,34.596,69.882,50.073,62.381
28,21,64.658,52.51,58.571,67.045,39.52,33.48,45.802
36,21,40.005,58.474,76.42,62.815,42.804,52.186,41.461
31,21,62.57,78.424,56.409,53.048,68.731,32.821,41.909
37,21,65.92,53.887,37.379,43.949,56.375,50.382,56.883
43,21,52.497,70.952,54.41,49.472,58.014,58.984,74.872
39,21,55.324,59.46,38.049,64.566,49.475,37.982,29.927
40,21,57.373,54.988,46.043,38.409,44.974,44.919,46.673
41,21,50.271,54.803,45.185,67.769,58.168,42.764,28.881
42,21,57.052,40.817,74.782,51.348,30.106,29.19,28.445
44,21,49.547,64.172,68.438,57.058,60.825,33.547,55.039
45,21,46.287,59.442,58.575,64.829,58.66,32.955,40.202
46,21,56.965,50.409,65.361,55.222,65.955,35.295,51.255
47,21,61.04,44.858,40.601,67.472,45.967,39.653,45.115
48,21,54.037,55.36,40.355,73.405,51.514,43.351,31.671
49,21,53.009,51.019,66.883,53.926,61.462,51.809,39.057
26,21,39.334,59.812,62.66,60.47,68.195,54.005,31.064
38,21,71.333,68.291,56.389,52.666,58.324,43.562,33.299
25,21,58.665,55.972,51.57,67.896,51.927,58.904,44.598
24,21,51.454,52.155,54.335,64.581,53.692,40.576,50.887
23,21,67.957,59.761,54.205,63.283,77.79,39.57,53.558
0,21,78.083,75.012,45.673,72.326,50.079,50.767,42.343
1,21,57.954,58.775,40.727,69.794,53.882,37.893,41.224
2,21,72.176,81.583,63.127,57.002,45.186,48.863,43.942
3,21,64.535,62.788,45.49,68.639,50.887,45.527,43.661
4,21,36.793,33.302,54.758,62.303,65.6,33.135,45.13
5,21,39.535,64.168,72.547,59.916,44.778,61.865,34.743
7,21,52.388,49.186,69.389,71.123,54.489,44.41,72.131
8,21,57.457,60.617,52.042,40.382,54.662,41.757,57.134
9,21,72.743,68.656,69.397,51.716,49.374,52.355,43.794
10,21,49.627,45.904,62.516,51.714,45.444,29.98,44.65
11,21,64.477,61.44,56.584,29.227,30.765,64.467,51.092
6,21,68.427,49.257,57.395,70.399,38.019,54.751,36.48
13,21,67.582,46.541,46.329,47.652,59.162,41.339,37.372
12,21,56.462,60.174,37.397,47.863,39.487,56.379,26.814
21,21,67.819,52.301,54.443,39.5,55.117,55.287,48.742
20,21,62.258,48.706,44.081,64.16,57.166,46.202,30.444
19,21,71.353,61.388,53.284,54.102,56.837,59.509,34.426
18,21,35.169,46.271,65.469,85.098,39.107,36.098,40.297
22,21,55.452,62.719,58.609,60.943,41.846,38.343,53.597
16,21,60.005,58.867,67.565,48.567,63.044,49.571,42.549
15,21,45.905,36.244,69.74,69.127,49.608,55.94,50.256
14,21,49.369,65.128,56.014,66.535,45.792,28.828,32.095
17,21,70.077,57.254,55.068,53.928,53.755,49.472,46.249
36,22,38.753,36.117,68.955,56.2,61.92,26.297,39.901
27,22,61.323,46.546,81.158,47.929,66.904,31.093,30.878
28,22,46.107,51.232,65.622,36.817,45.784,54.461,39.544
29,22,50.112,50.822,59.217,53.198,61.345,30.197,43.421
30,22,35.502,66.254,50.006,52.343,54.334,42.367,31.678
31,22,59.836,67.655,81.407,54.037,48.995,28.276,36.627
32,22,48.22,54.124,48.531,56.16,45.643,56.715,26.975
33,22,59.442,63.063,48.653,72.86,52.419,43.338,45.697
34,22,62.362,57.075,51.582,63.46,73.252,47.686,28.848
35,22,61.133,51.589,44.444,68.46,66.564,29.944,52.788
49,22,37.68,57.601,68.387,61.536,63.602,31.418,35.464
48,22,49.815,63.816,44.453,53.505,50.905,33.492,57.3
38,22,51.116,68.224,48.582,46.514,63.204,24.927,39.963
39,22,67.614,36.476,63.212,64.766,66.597,34.231,35.86
40,22,59.067,68.962,71.381,59.963,61.046,41.184,48.28
41,22,51.208,60.385,54.961,43.764,44.226,33.313,35.338
42,22,49.753,55.662,46.666,64.17,57.615,44.971,35.536
43,22,43.238,51.826,70.599,49.012,45.495,44.183,49.602
44,22,47.209,42.328,60.332,36.024,59.788,53.717,38.315
45,22,36.094,41.469,34.837,45.942,49.326,22.684,22.331
46,22,51.434,47.406,48.143,64.71,68.953,29.13,35.26
47,22,56.672,69.4,62.879,57.548,71.525,40.34,37.552
26,22,63.496,64.926,60.682,35.116,61.991,28.633,28.818
37,22,45.484,58.843,55.508,44.473,48.8,53.276,54.892
25,22,54.154,46.508,49.165,54.9,57.647,59.523,46.574
12,22,51.121,49.856,40.218,62.673,59.072,38.502,32.816
23,22,62.076,68.762,46.307,36.678,47.702,38.831,64.025
0,22,45.836,38.731,48.343,57.431,41.709,52.522,49.341
1,22,62.598,55.787,65.957,57.504,52.906,37.576,46.46
2,22,58.03,52.179,58.833,39.781,39.401,35.474,49.601
3,22,53.031,56.036,78.402,65.039,65.099,44.034,22.016
4,22,55.156,48.875,52.591,52.093,51.32,41.541,39.501
5,22,59.264,54.689,59.615,40.777,52.383,31.712,35.708
24,22,54.862,57.315,54.671,74.766,48.056,49.774,37.768
7,22,63.725,47.068,48.181,59.177,52.472,38.071,61.149
8,22,59.853,54.13,58.387,61.204,43.193,39.226,50.921
9,22,43.014,56.045,43.225,63.557,66.672,39.107,26.262
10,22,52.593,63.157,54.441,65.897,55.33,42.662,36.973
6,22,65.15,57.285,45.141,52.349,57.871,45.692,32.371
13,22,64.484,44.516,35.094,60.921,65.147,45.064,44.289
14,22,50.655,61.115,73.339,43.369,37.702,40.163,12.993
15,22,66.858,46.777,47.86,59.125,48.452,48.399,29.16
16,22,59.487,51.021,63.609,67.19,63.663,36.567,44.938
17,22,70.249,70.568,44.801,37.44,54.838,32.665,34.522
18,22,60.592,63.562,63.255,59.913,60.238,49.424,56.045
19,22,49.424,58.031,46.642,54.582,71.63,38.972,32.968
20,22,59.949,73.545,58.871,64.37,52.924,43.547,33.723
21,22,79.031,64.229,59.449,58.549,41.169,51.056,42.274
22,22,52.207,60.142,65.726,67.282,60.116,41.846,38.472
11,22,51.951,53.547,54.516,62.271,37.78,30.722,50.241
34,23,53.477,59.754,45.256,50.678,60.78,49.036,37.261
33,23,56.43,65.896,56.06,55.346,50.888,39.09,29.555
32,23,57.936,66.955,61.31,64.013,48.031,45.509,37.63
31,23,50.371,36.778,70.662,56.073,62.439,34.117,31.445
26,23,41.192,42.282,33.04,47.305,39.296,29.765,36.618
29,23,56.713,70.447,62.22,61.911,49.379,30.691,59.454
28,23,42.878,39.914,48.25,58.19,42.729,35.875,29.963
27,23,62.968,59.368,54.798,50.704,50.167,45.116,28.054
30,23,50.404,48.983,67.395,52.682,57.732,24.477,38.379
35,23,65.227,42.987,60.566,56.98,46.776,24.269,33.848
47,23,55.289,49.545,56.473,56.677,37.683,33.86,34.331
37,23,63.466,70.412,50.697,50.335,47.853,45.584,40.842
38,23,60.734,63.436,47.151,68.371,47.136,34.076,39.407
39,23,52.628,41.238,40.934,65.136,53.403,23.526,33.324
40,23,54.713,44.909,62.816,70.422,37.8,40.744,37.331
41,23,47.846,49.828,46.332,79.53,22.4,39.346,48.654
42,23,58.572,62.378,57.127,31.248,50.136,35.588,42.108
43,23,64.633,39.01,51.098,50.298,53.896,43.195,46.07
44,23,33.507,35.542,63.276,48.201,43.463,31.23,52.616
45,23,26.734,50.428,60.714,40.641,43.152,34.374,47.368
46,23,48.828,56.95,46.254,82.991,40.197,35.218,35.803
25,23,54.375,48.97,53.378,64.8,37.373,41.185,33.961
36,23,55.404,41.32,67.165,58.061,67.101,25.884,35.863
24,23,65.877,59.892,41.156,42.715,64.824,51.252,44.842
12,23,55.872,44.439,48.943,51.053,56.857,42.958,50.298
22,23,49.987,32.613,49.909,62.094,35.829,48.461,34.662
48,23,65.279,69.092,52.365,42.849,48.158,34.324,34.451
0,23,36.218,39.241,40.2,61.091,49.068,32.247,40.779
1,23,65.622,47.626,55.071,50.194,43.867,43.047,23.63
2,23,63.654,46.037,58.304,35.185,50.742,43.784,59.462
3,23,46.676,52.562,51.582,62.171,47.034,44.668,41.044
4,23,61.51,60.91,41.401,58.638,49.118,49.448,46.535
5,23,39.196,70.096,50.509,33.422,38.97,39.975,62.94
6,23,72.935,44.955,86.822,55.485,46.338,26.482,46.905
7,23,63.54,56.554,69.489,72.134,51.767,47.387,25.4
8,23,40.124,51.391,62.542,39.002,57.881,51.171,36.675
23,23,65.765,53.016,60.036,54.308,52.575,34.596,43.846
9,23,58.388,65.577,46.532,62.837,40.365,39.167,23.59
11,23,44.247,46.355,48.394,72.294,39.367,20.357,30.099
13,23,49.907,62.809,57.888,59.843,53.14,51.055,36.286
14,23,77.12,40.937,36.491,45.737,50.012,46.852,52.82
15,23,47.222,46.244,55.822,61.133,52.38,58.877,48.574
16,23,44.404,69.557,54.206,63.836,44.22,48.541,41.132
17,23,47.167,63.345,46.883,58.427,51.896,35.619,42.244
18,23,43.279,47.262,59.05,52.281,65.179,53.678,16.71
19,23,54.9,56.988,55.591,57.92,61.642,38.859,39.553
20,23,43.183,53.897,53.918,44.898,33.418,32.348,43.007
21,23,52.6,51.428,49.37,51.473,62.748,44.801,39.983
10,23,51.452,75.281,43.885,54.209,56.037,31.037,41.191
49,23,50.189,57.153,64.07,61.972,63.221,26.919,38.636